"","Day","Trajectory","Flow","Treatment","Tank..","Coral","F0","Fm","Yield"
"1",1,"Control","High","Control High","1","F..1",0.15834,0.41108,0.615
"2",1,"Control","High","Control High","1","F..2",0.15334,0.3919,0.608
"3",1,"Control","High","Control High","1","F..3",0.16804,0.44158,0.6192
"4",1,"Control","High","Control High","2","F..1",0.16108,0.3248,0.5014
"5",1,"Control","High","Control High","2","F..2",0.1609,0.42264,0.6184
"6",1,"Control","High","Control High","2","F..3",0.165,0.40224,0.5868
"7",1,"Control","Low","Control Low","1","F..1",0.16402,0.32988,0.5002
"8",1,"Control","Low","Control Low","1","F..2",0.16314,0.43206,0.6218
"9",1,"Control","Low","Control Low","1","F..3",0.15492,0.40138,0.6142
"10",1,"Control","Low","Control Low","2","F..1",0.14342,0.35538,0.5942
"11",1,"Control","Low","Control Low","2","F..2",0.1554,0.38578,0.5958
"12",1,"Control","Low","Control Low","2","F..3",0.15264,0.39462,0.6112
"13",1,"Protective","High","Protective High","1","F..1",0.14242,0.37932,0.6238
"14",1,"Protective","High","Protective High","1","F..2",0.13008,0.33616,0.6122
"15",1,"Protective","High","Protective High","1","F..3",0.14684,0.38214,0.6154
"16",1,"Protective","High","Protective High","2","F..1",0.15198,0.40266,0.6214
"17",1,"Protective","High","Protective High","2","F..2",0.1294,0.31884,0.5938
"18",1,"Protective","High","Protective High","2","F..3",0.1397,0.3444,0.594
"19",1,"Protective","Low","Protective Low","1","F..1",0.16276,0.37022,0.5604
"20",1,"Protective","Low","Protective Low","1","F..2",0.1653,0.42412,0.6098
"21",1,"Protective","Low","Protective Low","1","F..3",0.14068,0.34324,0.5898
"22",1,"Protective","Low","Protective Low","2","F..1",0.14764,0.37258,0.6018
"23",1,"Protective","Low","Protective Low","2","F..2",0.1598,0.40492,0.6048
"24",1,"Protective","Low","Protective Low","2","F..3",0.15314,0.3652,0.5804
"25",1,"Single","High","Single High","1","F..1",0.14596,0.30286,0.5158
"26",1,"Single","High","Single High","1","F..2",0.15674,0.36912,0.5694
"27",1,"Single","High","Single High","1","F..3",0.16138,0.37768,0.571
"28",1,"Single","High","Single High","2","F..1",0.16756,0.33942,0.5022
"29",1,"Single","High","Single High","2","F..2",0.17286,0.35342,0.4998
"30",1,"Single","High","Single High","2","F..3",0.16706,0.4061,0.5848
"31",1,"Single","Low","Single Low","1","F..1",0.19334,0.36784,0.4706
"32",1,"Single","Low","Single Low","1","F..2",0.15706,0.37138,0.5754
"33",1,"Single","Low","Single Low","1","F..3",0.16634,0.34186,0.5058
"34",1,"Single","Low","Single Low","2","F..1",0.18948,0.49528,0.6174
"35",1,"Single","Low","Single Low","2","F..2",0.1746,0.38598,0.5458
"36",1,"Single","Low","Single Low","2","F..3",0.17018,0.40686,0.58
"37",2,"Control","High","Control High","1","F..1",0.1548,0.43166,0.6412
"38",2,"Control","High","Control High","1","F..2",0.16168,0.43646,0.6298
"39",2,"Control","High","Control High","1","F..3",0.1649,0.46548,0.6458
"40",2,"Control","High","Control High","2","F..1",0.16274,0.3488,0.5332
"41",2,"Control","High","Control High","2","F..2",0.15302,0.43792,0.6506
"42",2,"Control","High","Control High","2","F..3",0.15088,0.41186,0.6312
"43",2,"Control","Low","Control Low","1","F..1",0.17648,0.35488,0.499
"44",2,"Control","Low","Control Low","1","F..2",0.17364,0.4506,0.6148
"45",2,"Control","Low","Control Low","1","F..3",0.1402,0.38088,0.6316
"46",2,"Control","Low","Control Low","2","F..1",0.14224,0.38146,0.627
"47",2,"Control","Low","Control Low","2","F..2",0.15796,0.42942,0.6318
"48",2,"Control","Low","Control Low","2","F..3",0.15334,0.4214,0.6342
"49",2,"Protective","High","Protective High","1","F..1",0.15256,0.42814,0.6434
"50",2,"Protective","High","Protective High","1","F..2",0.13254,0.35344,0.6246
"51",2,"Protective","High","Protective High","1","F..3",0.1396,0.36648,0.619
"52",2,"Protective","High","Protective High","2","F..1",0.16174,0.44244,0.6338
"53",2,"Protective","High","Protective High","2","F..2",0.12836,0.33734,0.6192
"54",2,"Protective","High","Protective High","2","F..3",0.146,0.38178,0.6176
"55",2,"Protective","Low","Protective Low","1","F..1",0.16146,0.4001,0.5966
"56",2,"Protective","Low","Protective Low","1","F..2",0.17286,0.46784,0.6304
"57",2,"Protective","Low","Protective Low","1","F..3",0.14452,0.36362,0.6026
"58",2,"Protective","Low","Protective Low","2","F..1",0.13402,0.37128,0.6384
"59",2,"Protective","Low","Protective Low","2","F..2",0.1403,0.38128,0.6318
"60",2,"Protective","Low","Protective Low","2","F..3",0.14656,0.39568,0.6296
"61",2,"Single","High","Single High","1","F..1",0.14892,0.3391,0.5618
"62",2,"Single","High","Single High","1","F..2",0.15656,0.38216,0.5826
"63",2,"Single","High","Single High","1","F..3",0.15462,0.39736,0.6102
"64",2,"Single","High","Single High","2","F..1",0.16108,0.41226,0.6066
"65",2,"Single","High","Single High","2","F..2",0.16098,0.3894,0.5818
"66",2,"Single","High","Single High","2","F..3",0.17352,0.38148,0.5418
"67",2,"Single","Low","Single Low","1","F..1",0.16962,0.445,0.617
"68",2,"Single","Low","Single Low","1","F..2",0.16062,0.3901,0.5864
"69",2,"Single","Low","Single Low","1","F..3",0.17922,0.40648,0.555
"70",2,"Single","Low","Single Low","2","F..1",0.15626,0.43048,0.6372
"71",2,"Single","Low","Single Low","2","F..2",0.14422,0.37716,0.6148
"72",2,"Single","Low","Single Low","2","F..3",0.17284,0.4397,0.6062
"73",3,"Control","High","Control High","1","F..1",0.1456,0.37294,0.6094
"74",3,"Control","High","Control High","1","F..2",0.14794,0.38322,0.613
"75",3,"Control","High","Control High","1","F..3",0.15892,0.41628,0.6182
"76",3,"Control","High","Control High","2","F..1",0.16108,0.34578,0.5334
"77",3,"Control","High","Control High","2","F..2",0.15532,0.40148,0.6132
"78",3,"Control","High","Control High","2","F..3",0.16726,0.42078,0.602
"79",3,"Control","Low","Control Low","1","F..1",0.14618,0.34126,0.5682
"80",3,"Control","Low","Control Low","1","F..2",0.15234,0.40376,0.6232
"81",3,"Control","Low","Control Low","1","F..3",0.14988,0.39618,0.6212
"82",3,"Control","Low","Control Low","2","F..1",0.14874,0.39078,0.6184
"83",3,"Control","Low","Control Low","2","F..2",0.15872,0.40012,0.603
"84",3,"Control","Low","Control Low","2","F..3",0.15772,0.38744,0.5924
"85",3,"Protective","High","Protective High","1","F..1",0.14598,0.3952,0.6308
"86",3,"Protective","High","Protective High","1","F..2",0.12284,0.33394,0.6308
"87",3,"Protective","High","Protective High","1","F..3",0.13108,0.36696,0.6418
"88",3,"Protective","High","Protective High","2","F..1",0.1706,0.3655,0.532
"89",3,"Protective","High","Protective High","2","F..2",0.14146,0.37444,0.6222
"90",3,"Protective","High","Protective High","2","F..3",0.14658,0.34872,0.5796
"91",3,"Protective","Low","Protective Low","1","F..1",0.15106,0.41236,0.6316
"92",3,"Protective","Low","Protective Low","1","F..2",0.18892,0.451,0.5808
"93",3,"Protective","Low","Protective Low","1","F..3",0.141,0.35176,0.599
"94",3,"Protective","Low","Protective Low","2","F..1",0.13194,0.33616,0.606
"95",3,"Protective","Low","Protective Low","2","F..2",0.1596,0.32472,0.5084
"96",3,"Protective","Low","Protective Low","2","F..3",0.17528,0.41206,0.5736
"97",3,"Single","High","Single High","1","F..1",0.14944,0.3198,0.5294
"98",3,"Single","High","Single High","1","F..2",0.16156,0.37968,0.5712
"99",3,"Single","High","Single High","1","F..3",0.16,0.37882,0.5756
"100",3,"Single","High","Single High","2","F..1",0.17146,0.3734,0.5392
"101",3,"Single","High","Single High","2","F..2",0.17266,0.3803,0.542
"102",3,"Single","High","Single High","2","F..3",0.14874,0.3357,0.5514
"103",3,"Single","Low","Single Low","1","F..1",0.20156,0.40234,0.4972
"104",3,"Single","Low","Single Low","1","F..2",0.14078,0.34714,0.594
"105",3,"Single","Low","Single Low","1","F..3",0.18854,0.38118,0.5044
"106",3,"Single","Low","Single Low","2","F..1",0.16274,0.40382,0.597
"107",3,"Single","Low","Single Low","2","F..2",0.15372,0.3651,0.5778
"108",3,"Single","Low","Single Low","2","F..3",0.17234,0.40922,0.577
"109",4,"Control","High","Control High","1","F..1",0.14854,0.43216,0.6564
"110",4,"Control","High","Control High","1","F..2",0.15274,0.40688,0.624
"111",4,"Control","High","Control High","1","F..3",0.16646,0.4702,0.646
"112",4,"Control","High","Control High","2","F..1",0.16942,0.3049,0.49254
"113",4,"Control","High","Control High","2","F..2",0.17598,0.4296,0.5574
"114",4,"Control","High","Control High","2","F..3",0.1642,0.40902,0.5892
"115",4,"Control","Low","Control Low","1","F..1",0.14362,0.36362,0.602
"116",4,"Control","Low","Control Low","1","F..2",0.15972,0.4302,0.6284
"117",4,"Control","Low","Control Low","1","F..3",0.14656,0.39608,0.6292
"118",4,"Control","Low","Control Low","2","F..1",0.14784,0.36334,0.5932
"119",4,"Control","Low","Control Low","2","F..2",0.15648,0.41196,0.6194
"120",4,"Control","Low","Control Low","2","F..3",0.15284,0.39724,0.6146
"121",4,"Protective","High","Protective High","1","F..1",0.15334,0.41598,0.6302
"122",4,"Protective","High","Protective High","1","F..2",0.13796,0.35874,0.6118
"123",4,"Protective","High","Protective High","1","F..3",0.14676,0.38812,0.6216
"124",4,"Protective","High","Protective High","2","F..1",0.16866,0.36442,0.5382
"125",4,"Protective","High","Protective High","2","F..2",0.14902,0.36786,0.5946
"126",4,"Protective","High","Protective High","2","F..3",0.15276,0.3895,0.6068
"127",4,"Protective","Low","Protective Low","1","F..1",0.15636,0.41452,0.6222
"128",4,"Protective","Low","Protective Low","1","F..2",0.16148,0.44168,0.6332
"129",4,"Protective","Low","Protective Low","1","F..3",0.1752,0.33668,0.4704
"130",4,"Protective","Low","Protective Low","2","F..1",0.14242,0.34812,0.5886
"131",4,"Protective","Low","Protective Low","2","F..2",0.21734,0.36158,0.3956
"132",4,"Protective","Low","Protective Low","2","F..3",0.15758,0.38218,0.587
"133",4,"Single","High","Single High","1","F..1",0.14706,0.30184,0.513
"134",4,"Single","High","Single High","1","F..2",0.1457,0.34676,0.57
"135",4,"Single","High","Single High","1","F..3",0.16036,0.38608,0.5838
"136",4,"Single","High","Single High","2","F..1",0.15688,0.38096,0.5872
"137",4,"Single","High","Single High","2","F..2",0.16802,0.38862,0.5648
"138",4,"Single","High","Single High","2","F..3",0.1661,0.37224,0.5484
"139",4,"Single","Low","Single Low","1","F..1",0.20148,0.3751,0.45746
"140",4,"Single","Low","Single Low","1","F..2",0.16648,0.4104,0.5582
"141",4,"Single","Low","Single Low","1","F..3",0.1748,0.4063,0.5802
"142",4,"Single","Low","Single Low","2","F..1",0.16384,0.43088,0.6196
"143",4,"Single","Low","Single Low","2","F..2",0.16246,0.38364,0.5746
"144",4,"Single","Low","Single Low","2","F..3",0.16892,0.41686,0.595
"145",5,"Control","High","Control High","1","F..1",0.13618,0.38392,0.6438
"146",5,"Control","High","Control High","1","F..2",0.13786,0.34216,0.5942
"147",5,"Control","High","Control High","1","F..3",0.15784,0.42686,0.6306
"148",5,"Control","High","Control High","2","F..1",0.16952,0.3458,0.5088
"149",5,"Control","High","Control High","2","F..2",0.15528,0.40326,0.6144
"150",5,"Control","High","Control High","2","F..3",0.16648,0.44176,0.623
"151",5,"Control","Low","Control Low","1","F..1",0.16138,0.44472,0.6374
"152",5,"Control","Low","Control Low","1","F..2",0.14784,0.40924,0.6382
"153",5,"Control","Low","Control Low","1","F..3",0.1549,0.3606,0.5698
"154",5,"Control","Low","Control Low","2","F..1",0.14568,0.36216,0.5978
"155",5,"Control","Low","Control Low","2","F..2",0.1497,0.3838,0.6096
"156",5,"Control","Low","Control Low","2","F..3",0.14696,0.3844,0.6162
"157",5,"Protective","High","Protective High","1","F..1",0.14176,0.39882,0.6434
"158",5,"Protective","High","Protective High","1","F..2",0.13068,0.34198,0.6162
"159",5,"Protective","High","Protective High","1","F..3",0.14548,0.37852,0.6152
"160",5,"Protective","High","Protective High","2","F..1",0.16128,0.4109,0.604
"161",5,"Protective","High","Protective High","2","F..2",0.14892,0.35314,0.5768
"162",5,"Protective","High","Protective High","2","F..3",0.13834,0.3662,0.62
"163",5,"Protective","Low","Protective Low","1","F..1",0.14244,0.39656,0.6396
"164",5,"Protective","Low","Protective Low","1","F..2",0.1562,0.44482,0.6478
"165",5,"Protective","Low","Protective Low","1","F..3",0.15136,0.36246,0.58
"166",5,"Protective","Low","Protective Low","2","F..1",0.13784,0.33214,0.5824
"167",5,"Protective","Low","Protective Low","2","F..2",0.16198,0.4038,0.5986
"168",5,"Protective","Low","Protective Low","2","F..3",0.14588,0.36352,0.598
"169",5,"Single","High","Single High","1","F..1",0.1392,0.29118,0.5192
"170",5,"Single","High","Single High","1","F..2",0.15894,0.36774,0.5584
"171",5,"Single","High","Single High","1","F..3",0.16166,0.38618,0.579
"172",5,"Single","High","Single High","2","F..1",0.15656,0.35228,0.5544
"173",5,"Single","High","Single High","2","F..2",0.17274,0.33128,0.4756
"174",5,"Single","High","Single High","2","F..3",0.17324,0.3748,0.5344
"175",5,"Single","Low","Single Low","1","F..1",0.1944,0.37502,0.4794
"176",5,"Single","Low","Single Low","1","F..2",0.15628,0.34962,0.5522
"177",5,"Single","Low","Single Low","1","F..3",0.18934,0.37422,0.4888
"178",5,"Single","Low","Single Low","2","F..1",0.15668,0.39588,0.6046
"179",5,"Single","Low","Single Low","2","F..2",0.16188,0.37138,0.5628
"180",5,"Single","Low","Single Low","2","F..3",0.16768,0.42678,0.6064
"181",6,"Control","High","Control High","1","F..1",0.15274,0.39784,0.6158
"182",6,"Control","High","Control High","1","F..2",0.1348,0.33764,0.5984
"183",6,"Control","High","Control High","1","F..3",0.15568,0.42832,0.6374
"184",6,"Control","High","Control High","2","F..1",0.15816,0.30934,0.4886
"185",6,"Control","High","Control High","2","F..2",0.1607,0.43402,0.6292
"186",6,"Control","High","Control High","2","F..3",0.17314,0.42658,0.5942
"187",6,"Control","Low","Control Low","1","F..1",0.15442,0.33322,0.5336
"188",6,"Control","Low","Control Low","1","F..2",0.17156,0.45108,0.6198
"189",6,"Control","Low","Control Low","1","F..3",0.14804,0.415,0.6428
"190",6,"Control","Low","Control Low","2","F..1",0.14882,0.39226,0.6188
"191",6,"Control","Low","Control Low","2","F..2",0.15344,0.40852,0.6236
"192",6,"Control","Low","Control Low","2","F..3",0.14626,0.39148,0.6254
"193",6,"Protective","High","Protective High","1","F..1",0.15218,0.35746,0.51942
"194",6,"Protective","High","Protective High","1","F..2",0.1441,0.35274,0.6006
"195",6,"Protective","High","Protective High","1","F..3",0.1444,0.33904,0.5812
"196",6,"Protective","High","Protective High","2","F..1",0.17146,0.38462,0.5526
"197",6,"Protective","High","Protective High","2","F..2",0.15412,0.38018,0.593
"198",6,"Protective","High","Protective High","2","F..3",0.1402,0.36402,0.6138
"199",6,"Protective","Low","Protective Low","1","F..1",0.15756,0.38234,0.5852
"200",6,"Protective","Low","Protective Low","1","F..2",0.1706,0.4447,0.6152
"201",6,"Protective","Low","Protective Low","1","F..3",0.15342,0.3752,0.5904
"202",6,"Protective","Low","Protective Low","2","F..1",0.14716,0.34834,0.5746
"203",6,"Protective","Low","Protective Low","2","F..2",0.17932,0.37274,0.5184
"204",6,"Protective","Low","Protective Low","2","F..3",0.15714,0.3755,0.5814
"205",6,"Single","High","Single High","1","F..1",0.15146,0.32706,0.5362
"206",6,"Single","High","Single High","1","F..2",0.15306,0.35286,0.5582
"207",6,"Single","High","Single High","1","F..3",0.1602,0.38698,0.5842
"208",6,"Single","High","Single High","2","F..1",0.16636,0.36666,0.5438
"209",6,"Single","High","Single High","2","F..2",0.18932,0.37774,0.4928
"210",6,"Single","High","Single High","2","F..3",0.16312,0.38804,0.5762
"211",6,"Single","Low","Single Low","1","F..1",0.2008,0.38972,0.4822
"212",6,"Single","Low","Single Low","1","F..2",0.16676,0.35786,0.5324
"213",6,"Single","Low","Single Low","1","F..3",0.16618,0.35736,0.5314
"214",6,"Single","Low","Single Low","2","F..1",0.14824,0.38088,0.6112
"215",6,"Single","Low","Single Low","2","F..2",0.1546,0.33892,0.5406
"216",6,"Single","Low","Single Low","2","F..3",0.14618,0.37304,0.607
"217",7,"Control","High","Control High","1","F..1",0.1499,0.4093,0.6334
"218",7,"Control","High","Control High","1","F..2",0.13932,0.35224,0.6034
"219",7,"Control","High","Control High","1","F..3",0.1541,0.44078,0.6506
"220",7,"Control","High","Control High","2","F..1",0.16372,0.35312,0.5364
"221",7,"Control","High","Control High","2","F..2",0.15892,0.43196,0.631
"222",7,"Control","High","Control High","2","F..3",0.1512,0.41068,0.6316
"223",7,"Control","Low","Control Low","1","F..1",0.15824,0.36638,0.5672
"224",7,"Control","Low","Control Low","1","F..2",0.16462,0.4346,0.6218
"225",7,"Control","Low","Control Low","1","F..3",0.1347,0.3805,0.6456
"226",7,"Control","Low","Control Low","2","F..1",0.14108,0.35658,0.6042
"227",7,"Control","Low","Control Low","2","F..2",0.14764,0.39362,0.6232
"228",7,"Control","Low","Control Low","2","F..3",0.1539,0.38176,0.5974
"229",7,"Protective","High","Protective High","1","F..1",0.1497,0.39794,0.6358
"230",7,"Protective","High","Protective High","1","F..2",0.13844,0.3601,0.5986
"231",7,"Protective","High","Protective High","1","F..3",0.2353,0.50784,0.5635
"232",7,"Protective","High","Protective High","2","F..1",0.17814,0.3496,0.4906
"233",7,"Protective","High","Protective High","2","F..2",0.16754,0.37796,0.5536
"234",7,"Protective","High","Protective High","2","F..3",0.13714,0.36598,0.6246
"235",7,"Protective","Low","Protective Low","1","F..1",0.15608,0.40218,0.6112
"236",7,"Protective","Low","Protective Low","1","F..2",0.16774,0.45324,0.6304
"237",7,"Protective","Low","Protective Low","1","F..3",0.14696,0.36322,0.5942
"238",7,"Protective","Low","Protective Low","2","F..1",0.14108,0.34206,0.5854
"239",7,"Protective","Low","Protective Low","2","F..2",0.18538,0.38938,0.5228
"240",7,"Protective","Low","Protective Low","2","F..3",0.17304,0.43136,0.5982
"241",7,"Single","High","Single High","1","F..1",0.14538,0.31146,0.5294
"242",7,"Single","High","Single High","1","F..2",0.15842,0.33334,0.517
"243",7,"Single","High","Single High","1","F..3",0.14992,0.36698,0.591
"244",7,"Single","High","Single High","2","F..1",0.15306,0.344,0.5544
"245",7,"Single","High","Single High","2","F..2",0.18784,0.354,0.4672
"246",7,"Single","High","Single High","2","F..3",0.17168,0.37814,0.5448
"247",7,"Single","Low","Single Low","1","F..1",0.1952,0.3997,0.5082
"248",7,"Single","Low","Single Low","1","F..2",0.14362,0.32224,0.5508
"249",7,"Single","Low","Single Low","1","F..3",0.18696,0.35912,0.4742
"250",7,"Single","Low","Single Low","2","F..1",0.14918,0.37746,0.604
"251",7,"Single","Low","Single Low","2","F..2",0.16158,0.39972,0.5936
"252",7,"Single","Low","Single Low","2","F..3",0.17432,0.37154,0.5296
"253",8,"Control","High","Control High","1","F..1",0.14568,0.39834,0.6342
"254",8,"Control","High","Control High","1","F..2",0.14676,0.36364,0.594
"255",8,"Control","High","Control High","1","F..3",0.1551,0.4249,0.6344
"256",8,"Control","High","Control High","2","F..1",0.1488,0.31306,0.5258
"257",8,"Control","High","Control High","2","F..2",0.1454,0.4059,0.6406
"258",8,"Control","High","Control High","2","F..3",0.1494,0.43176,0.653
"259",8,"Control","Low","Control Low","1","F..1",0.16498,0.36638,0.5454
"260",8,"Control","Low","Control Low","1","F..2",0.16342,0.44668,0.634
"261",8,"Control","Low","Control Low","1","F..3",0.14432,0.39952,0.6382
"262",8,"Control","Low","Control Low","2","F..1",0.14382,0.37636,0.616
"263",8,"Control","Low","Control Low","2","F..2",0.15224,0.3954,0.6144
"264",8,"Control","Low","Control Low","2","F..3",0.14882,0.37244,0.5996
"265",8,"Protective","High","Protective High","1","F..1",0.14188,0.39548,0.6404
"266",8,"Protective","High","Protective High","1","F..2",0.13068,0.34864,0.6232
"267",8,"Protective","High","Protective High","1","F..3",0.14184,0.38166,0.6276
"268",8,"Protective","High","Protective High","2","F..1",0.1616,0.3702,0.5602
"269",8,"Protective","High","Protective High","2","F..2",0.15138,0.3117,0.5182
"270",8,"Protective","High","Protective High","2","F..3",0.14816,0.38432,0.613
"271",8,"Protective","Low","Protective Low","1","F..1",0.1601,0.41118,0.6088
"272",8,"Protective","Low","Protective Low","1","F..2",0.1499,0.44204,0.6598
"273",8,"Protective","Low","Protective Low","1","F..3",0.13764,0.36156,0.619
"274",8,"Protective","Low","Protective Low","2","F..1",0.14002,0.35098,0.598
"275",8,"Protective","Low","Protective Low","2","F..2",0.17904,0.37556,0.5224
"276",8,"Protective","Low","Protective Low","2","F..3",0.18726,0.44098,0.5736
"277",8,"Single","High","Single High","1","F..1",0.14154,0.31784,0.5538
"278",8,"Single","High","Single High","1","F..2",0.14812,0.36812,0.592
"279",8,"Single","High","Single High","1","F..3",0.16018,0.38352,0.5812
"280",8,"Single","High","Single High","2","F..1",0.16608,0.36018,0.536
"281",8,"Single","High","Single High","2","F..2",0.19568,0.3956,0.5032
"282",8,"Single","High","Single High","2","F..3",0.1605,0.38344,0.579
"283",8,"Single","Low","Single Low","1","F..1",0.15694,0.38932,0.5926
"284",8,"Single","Low","Single Low","1","F..2",0.15364,0.35834,0.5696
"285",8,"Single","Low","Single Low","1","F..3",0.18744,0.39382,0.516
"286",8,"Single","Low","Single Low","2","F..1",0.16228,0.41276,0.6058
"287",8,"Single","Low","Single Low","2","F..2",0.17016,0.38588,0.5584
"288",8,"Single","Low","Single Low","2","F..3",0.16784,0.40988,0.5884
"289",9,"Control","High","Control High","1","F..1",0.15424,0.43402,0.6444
"290",9,"Control","High","Control High","1","F..2",0.14078,0.33942,0.5844
"291",9,"Control","High","Control High","1","F..3",0.15784,0.41872,0.6228
"292",9,"Control","High","Control High","2","F..1",0.15726,0.35224,0.5494
"293",9,"Control","High","Control High","2","F..2",0.1606,0.41146,0.6078
"294",9,"Control","High","Control High","2","F..3",0.15448,0.40156,0.6144
"295",9,"Control","Low","Control Low","1","F..1",0.1543,0.34068,0.5442
"296",9,"Control","Low","Control Low","1","F..2",0.16754,0.44158,0.6202
"297",9,"Control","Low","Control Low","1","F..3",0.14312,0.3905,0.633
"298",9,"Control","Low","Control Low","2","F..1",0.15212,0.36254,0.58
"299",9,"Control","Low","Control Low","2","F..2",0.1549,0.3803,0.5918
"300",9,"Control","Low","Control Low","2","F..3",0.14784,0.35166,0.5782
"301",9,"Protective","High","Protective High","1","F..1",0.1453,0.38794,0.6254
"302",9,"Protective","High","Protective High","1","F..2",0.1345,0.33648,0.5986
"303",9,"Protective","High","Protective High","1","F..3",0.13292,0.3754,0.6454
"304",9,"Protective","High","Protective High","2","F..1",0.17558,0.3599,0.5104
"305",9,"Protective","High","Protective High","2","F..2",0.16902,0.376,0.5484
"306",9,"Protective","High","Protective High","2","F..3",0.12902,0.32922,0.6072
"307",9,"Protective","Low","Protective Low","1","F..1",0.15714,0.39568,0.6028
"308",9,"Protective","Low","Protective Low","1","F..2",0.1695,0.46872,0.6382
"309",9,"Protective","Low","Protective Low","1","F..3",0.14764,0.35628,0.586
"310",9,"Protective","Low","Protective Low","2","F..1",0.13854,0.35226,0.605
"311",9,"Protective","Low","Protective Low","2","F..2",0.15912,0.3752,0.5734
"312",9,"Protective","Low","Protective Low","2","F..3",0.17736,0.43666,0.594
"313",9,"Single","High","Single High","1","F..1",0.14286,0.31684,0.549
"314",9,"Single","High","Single High","1","F..2",0.1402,0.31688,0.5532
"315",9,"Single","High","Single High","1","F..3",0.15442,0.38078,0.5934
"316",9,"Single","High","Single High","2","F..1",0.1495,0.34324,0.5624
"317",9,"Single","High","Single High","2","F..2",0.15364,0.35538,0.5642
"318",9,"Single","High","Single High","2","F..3",0.15294,0.33696,0.5444
"319",9,"Single","Low","Single Low","1","F..1",0.18178,0.4043,0.5486
"320",9,"Single","Low","Single Low","1","F..2",0.14558,0.34088,0.5716
"321",9,"Single","Low","Single Low","1","F..3",0.1865,0.39902,0.5284
"322",9,"Single","Low","Single Low","2","F..1",0.14508,0.3645,0.601
"323",9,"Single","Low","Single Low","2","F..2",0.15286,0.3655,0.5808
"324",9,"Single","Low","Single Low","2","F..3",0.14354,0.37352,0.6144
"325",10,"Control","High","Control High","1","F..1",0.15136,0.41678,0.637
"326",10,"Control","High","Control High","1","F..2",0.15176,0.38136,0.6014
"327",10,"Control","High","Control High","1","F..3",0.16068,0.43648,0.6322
"328",10,"Control","High","Control High","2","F..1",0.14736,0.34658,0.5728
"329",10,"Control","High","Control High","2","F..2",0.15618,0.42264,0.6294
"330",10,"Control","High","Control High","2","F..3",0.1466,0.38998,0.6236
"331",10,"Control","Low","Control Low","1","F..1",0.15136,0.34522,0.5614
"332",10,"Control","Low","Control Low","1","F..2",0.16264,0.45,0.6386
"333",10,"Control","Low","Control Low","1","F..3",0.14186,0.39508,0.6404
"334",10,"Control","Low","Control Low","2","F..1",0.15542,0.35942,0.5676
"335",10,"Control","Low","Control Low","2","F..2",0.1606,0.39146,0.5896
"336",10,"Control","Low","Control Low","2","F..3",0.15442,0.38234,0.5962
"337",10,"Protective","High","Protective High","1","F..1",0.15146,0.40676,0.6262
"338",10,"Protective","High","Protective High","1","F..2",0.14312,0.36628,0.6082
"339",10,"Protective","High","Protective High","1","F..3",0.1502,0.36462,0.5866
"340",10,"Protective","High","Protective High","2","F..1",0.18668,0.38812,0.5168
"341",10,"Protective","High","Protective High","2","F..2",0.14158,0.31422,0.5494
"342",10,"Protective","High","Protective High","2","F..3",0.13254,0.34106,0.61
"343",10,"Protective","Low","Protective Low","1","F..1",0.16372,0.39696,0.5862
"344",10,"Protective","Low","Protective Low","1","F..2",0.16538,0.45156,0.6326
"345",10,"Protective","Low","Protective Low","1","F..3",0.13596,0.33286,0.5912
"346",10,"Protective","Low","Protective Low","2","F..1",0.14488,0.38598,0.624
"347",10,"Protective","Low","Protective Low","2","F..2",0.15864,0.42776,0.628
"348",10,"Protective","Low","Protective Low","2","F..3",0.16538,0.40412,0.5908
"349",10,"Single","High","Single High","1","F..1",0.155,0.3545,0.562
"350",10,"Single","High","Single High","1","F..2",0.1453,0.3442,0.5748
"351",10,"Single","High","Single High","1","F..3",0.16372,0.41804,0.608
"352",10,"Single","High","Single High","2","F..1",0.15962,0.38224,0.5812
"353",10,"Single","High","Single High","2","F..2",0.15274,0.37726,0.5928
"354",10,"Single","High","Single High","2","F..3",0.15706,0.40462,0.6094
"355",10,"Single","Low","Single Low","1","F..1",0.16842,0.4184,0.5954
"356",10,"Single","Low","Single Low","1","F..2",0.1544,0.3858,0.5988
"357",10,"Single","Low","Single Low","1","F..3",0.18716,0.39284,0.518
"358",10,"Single","Low","Single Low","2","F..1",0.1547,0.3699,0.6028
"359",10,"Single","Low","Single Low","2","F..2",0.1495,0.37938,0.6044
"360",10,"Single","Low","Single Low","2","F..3",0.21314,0.48714,0.595
"361",11,"Control","High","Control High","1","F..1",0.14048,0.37158,0.6214
"362",11,"Control","High","Control High","1","F..2",0.15746,0.36764,0.571
"363",11,"Control","High","Control High","1","F..3",0.1394,0.3805,0.6326
"364",11,"Control","High","Control High","2","F..1",0.1552,0.35234,0.557
"365",11,"Control","High","Control High","2","F..2",0.15872,0.40962,0.611
"366",11,"Control","High","Control High","2","F..3",0.1499,0.38904,0.6122
"367",11,"Control","Low","Control Low","1","F..1",0.14206,0.33962,0.5798
"368",11,"Control","Low","Control Low","1","F..2",0.15824,0.42304,0.626
"369",11,"Control","Low","Control Low","1","F..3",0.16,0.4293,0.6266
"370",11,"Control","Low","Control Low","2","F..1",0.14224,0.37462,0.6188
"371",11,"Control","Low","Control Low","2","F..2",0.1601,0.38618,0.5848
"372",11,"Control","Low","Control Low","2","F..3",0.13158,0.34274,0.6144
"373",11,"Protective","High","Protective High","1","F..1",0.14756,0.3839,0.6154
"374",11,"Protective","High","Protective High","1","F..2",0.12432,0.30392,0.5896
"375",11,"Protective","High","Protective High","1","F..3",0.15114,0.33138,0.5414
"376",11,"Protective","High","Protective High","2","F..1",0.18796,0.37128,0.4934
"377",11,"Protective","High","Protective High","2","F..2",0.15266,0.33392,0.5422
"378",11,"Protective","High","Protective High","2","F..3",0.14052,0.34304,0.5892
"379",11,"Protective","Low","Protective Low","1","F..1",0.1541,0.37166,0.5842
"380",11,"Protective","Low","Protective Low","1","F..2",0.15822,0.43716,0.637
"381",11,"Protective","Low","Protective Low","1","F..3",0.14148,0.33686,0.5802
"382",11,"Protective","Low","Protective Low","2","F..1",0.1242,0.29834,0.5838
"383",11,"Protective","Low","Protective Low","2","F..2",0.14862,0.33784,0.5588
"384",11,"Protective","Low","Protective Low","2","F..3",0.16214,0.38648,0.5802
"385",11,"Single","High","Single High","1","F..1",0.13226,0.30412,0.5632
"386",11,"Single","High","Single High","1","F..2",0.13294,0.32834,0.5922
"387",11,"Single","High","Single High","1","F..3",0.13766,0.34804,0.6038
"388",11,"Single","High","Single High","2","F..1",0.16802,0.37892,0.5548
"389",11,"Single","High","Single High","2","F..2",0.17342,0.38224,0.5442
"390",11,"Single","High","Single High","2","F..3",0.16684,0.349,0.5194
"391",11,"Single","Low","Single Low","1","F..1",0.1599,0.40862,0.605
"392",11,"Single","Low","Single Low","1","F..2",0.14186,0.33618,0.5762
"393",11,"Single","Low","Single Low","1","F..3",0.17196,0.38814,0.5534
"394",11,"Single","Low","Single Low","2","F..1",0.15324,0.37326,0.5894
"395",11,"Single","Low","Single Low","2","F..2",0.14962,0.38048,0.6056
"396",11,"Single","Low","Single Low","2","F..3",0.16598,0.36626,0.5438
"397",12,"Control","High","Control High","1","F..1",0.13686,0.3561,0.6158
"398",12,"Control","High","Control High","1","F..2",0.14334,0.33354,0.5696
"399",12,"Control","High","Control High","1","F..3",0.14784,0.39786,0.6278
"400",12,"Control","High","Control High","2","F..1",0.14834,0.31864,0.532
"401",12,"Control","High","Control High","2","F..2",0.13412,0.35842,0.6258
"402",12,"Control","High","Control High","2","F..3",0.15492,0.41314,0.6238
"403",12,"Control","Low","Control Low","1","F..1",0.13736,0.32874,0.5804
"404",12,"Control","Low","Control Low","1","F..2",0.1559,0.41734,0.6262
"405",12,"Control","Low","Control Low","1","F..3",0.13716,0.38668,0.6452
"406",12,"Control","Low","Control Low","2","F..1",0.12854,0.339,0.62
"407",12,"Control","Low","Control Low","2","F..2",0.14636,0.38098,0.6154
"408",12,"Control","Low","Control Low","2","F..3",0.13862,0.36924,0.6228
"409",12,"Protective","High","Protective High","1","F..1",0.13302,0.3756,0.644
"410",12,"Protective","High","Protective High","1","F..2",0.12048,0.3142,0.616
"411",12,"Protective","High","Protective High","1","F..3",0.14942,0.36482,0.5894
"412",12,"Protective","High","Protective High","2","F..1",0.17852,0.36608,0.5132
"413",12,"Protective","High","Protective High","2","F..2",0.14628,0.33784,0.567
"414",12,"Protective","High","Protective High","2","F..3",0.13136,0.32688,0.597
"415",12,"Protective","Low","Protective Low","1","F..1",0.12952,0.30786,0.5776
"416",12,"Protective","Low","Protective Low","1","F..2",0.15678,0.42218,0.6284
"417",12,"Protective","Low","Protective Low","1","F..3",0.14618,0.35804,0.5916
"418",12,"Protective","Low","Protective Low","2","F..1",0.13332,0.33852,0.6042
"419",12,"Protective","Low","Protective Low","2","F..2",0.16834,0.38932,0.5672
"420",12,"Protective","Low","Protective Low","2","F..3",0.15854,0.36952,0.571
"421",12,"Single","High","Single High","1","F..1",0.13314,0.30568,0.563
"422",12,"Single","High","Single High","1","F..2",0.15736,0.36168,0.5606
"423",12,"Single","High","Single High","1","F..3",0.14658,0.3748,0.6084
"424",12,"Single","High","Single High","2","F..1",0.1559,0.35724,0.562
"425",12,"Single","High","Single High","2","F..2",0.16736,0.36686,0.5412
"426",12,"Single","High","Single High","2","F..3",0.16568,0.41528,0.5992
"427",12,"Single","Low","Single Low","1","F..1",0.16482,0.3851,0.5708
"428",12,"Single","Low","Single Low","1","F..2",0.1489,0.34568,0.5686
"429",12,"Single","Low","Single Low","1","F..3",0.18186,0.4005,0.5448
"430",12,"Single","Low","Single Low","2","F..1",0.14586,0.37934,0.6152
"431",12,"Single","Low","Single Low","2","F..2",0.14648,0.36508,0.5968
"432",12,"Single","Low","Single Low","2","F..3",0.1449,0.3708,0.6086
"433",13,"Control","High","Control High","1","F..1",0.14746,0.38766,0.6192
"434",13,"Control","High","Control High","1","F..2",0.13156,0.3143,0.5798
"435",13,"Control","High","Control High","1","F..3",0.15972,0.4202,0.6204
"436",13,"Control","High","Control High","2","F..1",0.14774,0.31658,0.534
"437",13,"Control","High","Control High","2","F..2",0.13256,0.34144,0.611
"438",13,"Control","High","Control High","2","F..3",0.14854,0.39668,0.6256
"439",13,"Control","Low","Control Low","1","F..1",0.1496,0.35714,0.5798
"440",13,"Control","Low","Control Low","1","F..2",0.16432,0.45158,0.6362
"441",13,"Control","Low","Control Low","1","F..3",0.14922,0.40734,0.6336
"442",13,"Control","Low","Control Low","2","F..1",0.14548,0.35354,0.5884
"443",13,"Control","Low","Control Low","2","F..2",0.14372,0.36678,0.6072
"444",13,"Control","Low","Control Low","2","F..3",0.13756,0.29352,0.5328
"445",13,"Protective","High","Protective High","1","F..1",0.12862,0.35528,0.6378
"446",13,"Protective","High","Protective High","1","F..2",0.12384,0.325,0.6188
"447",13,"Protective","High","Protective High","1","F..3",0.1296,0.32128,0.5966
"448",13,"Protective","High","Protective High","2","F..1",0.16854,0.40508,0.5836
"449",13,"Protective","High","Protective High","2","F..2",0.13776,0.30146,0.544
"450",13,"Protective","High","Protective High","2","F..3",0.12402,0.31224,0.6016
"451",13,"Protective","Low","Protective Low","1","F..1",0.14796,0.39608,0.6258
"452",13,"Protective","Low","Protective Low","1","F..2",0.15312,0.41266,0.6292
"453",13,"Protective","Low","Protective Low","1","F..3",0.14578,0.32136,0.5472
"454",13,"Protective","Low","Protective Low","2","F..1",0.13656,0.335,0.5616
"455",13,"Protective","Low","Protective Low","2","F..2",0.1546,0.35256,0.575
"456",13,"Protective","Low","Protective Low","2","F..3",0.19452,0.4635,0.5445
"457",13,"Single","High","Single High","1","F..1",0.13334,0.30186,0.5574
"458",13,"Single","High","Single High","1","F..2",0.14528,0.3607,0.5944
"459",13,"Single","High","Single High","1","F..3",0.14688,0.37,0.602
"460",13,"Single","High","Single High","2","F..1",0.1545,0.36138,0.5726
"461",13,"Single","High","Single High","2","F..2",0.15538,0.3742,0.5834
"462",13,"Single","High","Single High","2","F..3",0.15382,0.34794,0.5552
"463",13,"Single","Low","Single Low","1","F..1",0.1705,0.39254,0.5638
"464",13,"Single","Low","Single Low","1","F..2",0.14882,0.34776,0.57
"465",13,"Single","Low","Single Low","1","F..3",0.1452,0.37384,0.61
"466",13,"Single","Low","Single Low","2","F..1",0.15698,0.36186,0.5662
"467",13,"Single","Low","Single Low","2","F..2",0.14332,0.35764,0.5976
"468",13,"Single","Low","Single Low","2","F..3",0.15472,0.37342,0.5852
"469",14,"Control","High","Control High","1","F..1",0.1398,0.341,0.588
"470",14,"Control","High","Control High","1","F..2",0.1548,0.36814,0.5776
"471",14,"Control","High","Control High","1","F..3",0.11882,0.29422,0.5974
"472",14,"Control","High","Control High","2","F..1",0.15658,0.3201,0.5116
"473",14,"Control","High","Control High","2","F..2",0.15962,0.35892,0.5538
"474",14,"Control","High","Control High","2","F..3",0.16972,0.41374,0.5892
"475",14,"Control","Low","Control Low","1","F..1",0.1544,0.34834,0.5542
"476",14,"Control","Low","Control Low","1","F..2",0.16588,0.43962,0.6226
"477",14,"Control","Low","Control Low","1","F..3",0.13844,0.339,0.5918
"478",14,"Control","Low","Control Low","2","F..1",0.1363,0.30716,0.5506
"479",14,"Control","Low","Control Low","2","F..2",0.1604,0.40244,0.601
"480",14,"Control","Low","Control Low","2","F..3",0.14442,0.37842,0.6162
"481",14,"Protective","High","Protective High","1","F..1",0.1352,0.34136,0.604
"482",14,"Protective","High","Protective High","1","F..2",0.12904,0.29972,0.5694
"483",14,"Protective","High","Protective High","1","F..3",0.14146,0.33718,0.5798
"484",14,"Protective","High","Protective High","2","F..1",0.18266,0.36972,0.505
"485",14,"Protective","High","Protective High","2","F..2",0.16912,0.3555,0.5238
"486",14,"Protective","High","Protective High","2","F..3",0.12874,0.31792,0.595
"487",14,"Protective","Low","Protective Low","1","F..1",0.1599,0.34344,0.5336
"488",14,"Protective","Low","Protective Low","1","F..2",0.16068,0.38196,0.5782
"489",14,"Protective","Low","Protective Low","1","F..3",0.1551,0.32578,0.5244
"490",14,"Protective","Low","Protective Low","2","F..1",0.13186,0.3139,0.5788
"491",14,"Protective","Low","Protective Low","2","F..2",0.1647,0.32668,0.4944
"492",14,"Protective","Low","Protective Low","2","F..3",0.17272,0.37352,0.5366
"493",14,"Single","High","Single High","1","F..1",0.13382,0.29384,0.5442
"494",14,"Single","High","Single High","1","F..2",0.1305,0.2916,0.5506
"495",14,"Single","High","Single High","1","F..3",0.15824,0.36968,0.5722
"496",14,"Single","High","Single High","2","F..1",0.14736,0.3231,0.5436
"497",14,"Single","High","Single High","2","F..2",0.15628,0.34834,0.5506
"498",14,"Single","High","Single High","2","F..3",0.16568,0.31932,0.48
"499",14,"Single","Low","Single Low","1","F..1",0.17698,0.3701,0.5182
"500",14,"Single","Low","Single Low","1","F..2",0.13658,0.30324,0.547
"501",14,"Single","Low","Single Low","1","F..3",0.17724,0.39196,0.547
"502",14,"Single","Low","Single Low","2","F..1",0.17166,0.4015,0.5726
"503",14,"Single","Low","Single Low","2","F..2",0.15012,0.31168,0.5182
"504",14,"Single","Low","Single Low","2","F..3",0.15792,0.33058,0.5156
"505",15,"Control","High","Control High","1","F..1",0.15502,0.38058,0.5928
"506",15,"Control","High","Control High","1","F..2",0.13734,0.31422,0.5628
"507",15,"Control","High","Control High","1","F..3",0.149,0.39704,0.6234
"508",15,"Control","High","Control High","2","F..1",0.1611,0.33814,0.525
"509",15,"Control","High","Control High","2","F..2",0.1646,0.39676,0.5824
"510",15,"Control","High","Control High","2","F..3",0.1648,0.45108,0.634
"511",15,"Control","Low","Control Low","1","F..1",0.1501,0.36452,0.5872
"512",15,"Control","Low","Control Low","1","F..2",0.16324,0.44638,0.6344
"513",15,"Control","Low","Control Low","1","F..3",0.145,0.38048,0.619
"514",15,"Control","Low","Control Low","2","F..1",0.14726,0.36758,0.5988
"515",15,"Control","Low","Control Low","2","F..2",0.15716,0.37402,0.5802
"516",15,"Control","Low","Control Low","2","F..3",0.1412,0.34272,0.5874
"517",15,"Protective","High","Protective High","1","F..1",0.14214,0.37608,0.622
"518",15,"Protective","High","Protective High","1","F..2",0.14372,0.3805,0.6214
"519",15,"Protective","High","Protective High","1","F..3",0.1299,0.3137,0.5856
"520",15,"Protective","High","Protective High","2","F..1",0.1738,0.3946,0.5594
"521",15,"Protective","High","Protective High","2","F..2",0.15186,0.3556,0.5718
"522",15,"Protective","High","Protective High","2","F..3",0.1454,0.3596,0.5926
"523",15,"Protective","Low","Protective Low","1","F..1",0.15558,0.37806,0.5866
"524",15,"Protective","Low","Protective Low","1","F..2",0.17364,0.44588,0.6094
"525",15,"Protective","Low","Protective Low","1","F..3",0.16914,0.34804,0.5134
"526",15,"Protective","Low","Protective Low","2","F..1",0.12274,0.30716,0.597
"527",15,"Protective","Low","Protective Low","2","F..2",0.17214,0.40834,0.5778
"528",15,"Protective","Low","Protective Low","2","F..3",0.17796,0.36382,0.5126
"529",15,"Single","High","Single High","1","F..1",0.13968,0.33334,0.5786
"530",15,"Single","High","Single High","1","F..2",0.1355,0.345,0.6066
"531",15,"Single","High","Single High","1","F..3",0.15058,0.3598,0.5806
"532",15,"Single","High","Single High","2","F..1",0.1748,0.37166,0.5288
"533",15,"Single","High","Single High","2","F..2",0.15726,0.33578,0.5332
"534",15,"Single","High","Single High","2","F..3",0.16558,0.34814,0.523
"535",15,"Single","Low","Single Low","1","F..1",0.18784,0.36924,0.4914
"536",15,"Single","Low","Single Low","1","F..2",0.1653,0.31126,0.468
"537",15,"Single","Low","Single Low","1","F..3",0.18198,0.34852,0.4778
"538",15,"Single","Low","Single Low","2","F..1",0.16852,0.3644,0.5392
"539",15,"Single","Low","Single Low","2","F..2",0.14186,0.34216,0.5846
"540",15,"Single","Low","Single Low","2","F..3",0.17138,0.34804,0.5122
"541",16,"Control","High","Control High","1","F..1",0.15174,0.3794,0.6002
"542",16,"Control","High","Control High","1","F..2",0.14558,0.34646,0.578
"543",16,"Control","High","Control High","1","F..3",0.15676,0.39706,0.6044
"544",16,"Control","High","Control High","2","F..1",0.15628,0.33442,0.5332
"545",16,"Control","High","Control High","2","F..2",0.16178,0.42686,0.6208
"546",16,"Control","High","Control High","2","F..3",0.15098,0.38716,0.6096
"547",16,"Control","Low","Control Low","1","F..1",0.14686,0.37726,0.6104
"548",16,"Control","Low","Control Low","1","F..2",0.16118,0.44572,0.6384
"549",16,"Control","Low","Control Low","1","F..3",0.14266,0.37042,0.6144
"550",16,"Control","Low","Control Low","2","F..1",0.13472,0.32872,0.59
"551",16,"Control","Low","Control Low","2","F..2",0.15178,0.384,0.6046
"552",16,"Control","Low","Control Low","2","F..3",0.15528,0.39248,0.6028
"553",16,"Protective","High","Protective High","1","F..1",0.1447,0.3802,0.6194
"554",16,"Protective","High","Protective High","1","F..2",0.13216,0.32118,0.5886
"555",16,"Protective","High","Protective High","1","F..3",0.15354,0.38578,0.6006
"556",16,"Protective","High","Protective High","2","F..1",0.1704,0.36804,0.537
"557",16,"Protective","High","Protective High","2","F..2",0.15342,0.33932,0.5452
"558",16,"Protective","High","Protective High","2","F..3",0.13762,0.33108,0.5836
"559",16,"Protective","Low","Protective Low","1","F..1",0.16258,0.36414,0.5528
"560",16,"Protective","Low","Protective Low","1","F..2",0.17978,0.46246,0.611
"561",16,"Protective","Low","Protective Low","1","F..3",0.17068,0.34018,0.4986
"562",16,"Protective","Low","Protective Low","2","F..1",0.13638,0.3351,0.591
"563",16,"Protective","Low","Protective Low","2","F..2",0.19784,0.37796,0.477
"564",16,"Protective","Low","Protective Low","2","F..3",0.18008,0.39528,0.5444
"565",16,"Single","High","Single High","1","F..1",0.13354,0.29794,0.5514
"566",16,"Single","High","Single High","1","F..2",0.13314,0.30462,0.5634
"567",16,"Single","High","Single High","1","F..3",0.15116,0.38226,0.6036
"568",16,"Single","High","Single High","2","F..1",0.18342,0.33796,0.4576
"569",16,"Single","High","Single High","2","F..2",0.17124,0.3658,0.5316
"570",16,"Single","High","Single High","2","F..3",0.18002,0.35962,0.4986
"571",16,"Single","Low","Single Low","1","F..1",0.15676,0.36842,0.5744
"572",16,"Single","Low","Single Low","1","F..2",0.15666,0.35932,0.5638
"573",16,"Single","Low","Single Low","1","F..3",0.18806,0.38706,0.5146
"574",16,"Single","Low","Single Low","2","F..1",0.1845,0.39244,0.5308
"575",16,"Single","Low","Single Low","2","F..2",0.17698,0.36264,0.5124
"576",16,"Single","Low","Single Low","2","F..3",0.1754,0.35636,0.5082
"577",17,"Control","High","Control High","1","F..1",0.1496,0.3694,0.5948
"578",17,"Control","High","Control High","1","F..2",0.14128,0.33736,0.58
"579",17,"Control","High","Control High","1","F..3",0.16226,0.4148,0.609
"580",17,"Control","High","Control High","2","F..1",0.15002,0.30718,0.513
"581",17,"Control","High","Control High","2","F..2",0.15744,0.38706,0.5924
"582",17,"Control","High","Control High","2","F..3",0.15098,0.38894,0.6106
"583",17,"Control","Low","Control Low","1","F..1",0.14834,0.34716,0.5726
"584",17,"Control","Low","Control Low","1","F..2",0.15854,0.4408,0.64
"585",17,"Control","Low","Control Low","1","F..3",0.1393,0.38186,0.6354
"586",17,"Control","Low","Control Low","2","F..1",0.14366,0.37028,0.6118
"587",17,"Control","Low","Control Low","2","F..2",0.15628,0.38098,0.5894
"588",17,"Control","Low","Control Low","2","F..3",0.1395,0.3495,0.5994
"589",17,"Protective","High","Protective High","1","F..1",0.14998,0.38942,0.6148
"590",17,"Protective","High","Protective High","1","F..2",0.13676,0.3339,0.5902
"591",17,"Protective","High","Protective High","1","F..3",0.1403,0.35126,0.6002
"592",17,"Protective","High","Protective High","2","F..1",0.16776,0.4093,0.5894
"593",17,"Protective","High","Protective High","2","F..2",0.16814,0.36492,0.5398
"594",17,"Protective","High","Protective High","2","F..3",0.1448,0.35998,0.5974
"595",17,"Protective","Low","Protective Low","1","F..1",0.15402,0.37078,0.582
"596",17,"Protective","Low","Protective Low","1","F..2",0.16636,0.42648,0.6098
"597",17,"Protective","Low","Protective Low","1","F..3",0.14728,0.34656,0.5758
"598",17,"Protective","Low","Protective Low","2","F..1",0.14254,0.37834,0.6252
"599",17,"Protective","Low","Protective Low","2","F..2",0.17116,0.42864,0.6004
"600",17,"Protective","Low","Protective Low","2","F..3",0.18126,0.41912,0.5684
"601",17,"Single","High","Single High","1","F..1",0.13284,0.30166,0.559
"602",17,"Single","High","Single High","1","F..2",0.159,0.33196,0.5268
"603",17,"Single","High","Single High","1","F..3",0.14414,0.34508,0.5816
"604",17,"Single","High","Single High","2","F..1",0.17362,0.34882,0.5016
"605",17,"Single","High","Single High","2","F..2",0.16028,0.37176,0.568
"606",17,"Single","High","Single High","2","F..3",0.1503,0.36148,0.582
"607",17,"Single","Low","Single Low","1","F..1",0.16598,0.3802,0.563
"608",17,"Single","Low","Single Low","1","F..2",0.16728,0.33854,0.5042
"609",17,"Single","Low","Single Low","1","F..3",0.17854,0.4033,0.557
"610",17,"Single","Low","Single Low","2","F..1",0.17234,0.40068,0.5706
"611",17,"Single","Low","Single Low","2","F..2",0.16454,0.3603,0.543
"612",17,"Single","Low","Single Low","2","F..3",0.17272,0.38596,0.553
"613",18,"Control","High","Control High","1","F..1",0.1496,0.3694,0.5948
"614",18,"Control","High","Control High","1","F..2",0.14128,0.33736,0.58
"615",18,"Control","High","Control High","1","F..3",0.16226,0.4148,0.609
"616",18,"Control","High","Control High","2","F..1",0.15002,0.30718,0.513
"617",18,"Control","High","Control High","2","F..2",0.15744,0.38706,0.5924
"618",18,"Control","High","Control High","2","F..3",0.15098,0.38894,0.6106
"619",18,"Control","Low","Control Low","1","F..1",0.14834,0.34716,0.5726
"620",18,"Control","Low","Control Low","1","F..2",0.15854,0.4408,0.64
"621",18,"Control","Low","Control Low","1","F..3",0.1393,0.38186,0.6354
"622",18,"Control","Low","Control Low","2","F..1",0.14366,0.37028,0.6118
"623",18,"Control","Low","Control Low","2","F..2",0.15628,0.38098,0.5894
"624",18,"Control","Low","Control Low","2","F..3",0.1395,0.3495,0.5994
"625",18,"Protective","High","Protective High","1","F..1",0.14998,0.38942,0.6148
"626",18,"Protective","High","Protective High","1","F..2",0.13676,0.3339,0.5902
"627",18,"Protective","High","Protective High","1","F..3",0.1403,0.35126,0.6002
"628",18,"Protective","High","Protective High","2","F..1",0.16776,0.4093,0.5894
"629",18,"Protective","High","Protective High","2","F..2",0.16814,0.36492,0.5398
"630",18,"Protective","High","Protective High","2","F..3",0.1448,0.35998,0.5974
"631",18,"Protective","Low","Protective Low","1","F..1",0.15402,0.37078,0.582
"632",18,"Protective","Low","Protective Low","1","F..2",0.16636,0.42648,0.6098
"633",18,"Protective","Low","Protective Low","1","F..3",0.14728,0.34656,0.5758
"634",18,"Protective","Low","Protective Low","2","F..1",0.14254,0.37834,0.6252
"635",18,"Protective","Low","Protective Low","2","F..2",0.17116,0.42864,0.6004
"636",18,"Protective","Low","Protective Low","2","F..3",0.18126,0.41912,0.5684
"637",18,"Single","High","Single High","1","F..1",0.13284,0.30166,0.559
"638",18,"Single","High","Single High","1","F..2",0.159,0.33196,0.5268
"639",18,"Single","High","Single High","1","F..3",0.14414,0.34508,0.5816
"640",18,"Single","High","Single High","2","F..1",0.17362,0.34882,0.5016
"641",18,"Single","High","Single High","2","F..2",0.16028,0.37176,0.568
"642",18,"Single","High","Single High","2","F..3",0.1503,0.36148,0.582
"643",18,"Single","Low","Single Low","1","F..1",0.16598,0.3802,0.563
"644",18,"Single","Low","Single Low","1","F..2",0.16728,0.33854,0.5042
"645",18,"Single","Low","Single Low","1","F..3",0.17854,0.4033,0.557
"646",18,"Single","Low","Single Low","2","F..1",0.17234,0.40068,0.5706
"647",18,"Single","Low","Single Low","2","F..2",0.16454,0.3603,0.543
"648",18,"Single","Low","Single Low","2","F..3",0.17272,0.38596,0.553
"649",19,"Control","High","Control High","1","F..1",0.12794,0.3146,0.5926
"650",19,"Control","High","Control High","1","F..2",0.14998,0.3654,0.5884
"651",19,"Control","High","Control High","1","F..3",0.14864,0.38952,0.617
"652",19,"Control","High","Control High","2","F..1",0.15392,0.33696,0.543
"653",19,"Control","High","Control High","2","F..2",0.14726,0.3658,0.597
"654",19,"Control","High","Control High","2","F..3",0.14942,0.39128,0.6164
"655",19,"Control","Low","Control Low","1","F..1",0.12686,0.33676,0.6218
"656",19,"Control","Low","Control Low","1","F..2",0.155,0.41872,0.629
"657",19,"Control","Low","Control Low","1","F..3",0.1488,0.39942,0.627
"658",19,"Control","Low","Control Low","2","F..1",0.15264,0.39696,0.6134
"659",19,"Control","Low","Control Low","2","F..2",0.14842,0.38334,0.6116
"660",19,"Control","Low","Control Low","2","F..3",0.13188,0.33078,0.6
"661",19,"Protective","High","Protective High","1","F..1",0.12608,0.35232,0.641
"662",19,"Protective","High","Protective High","1","F..2",0.11796,0.28736,0.5894
"663",19,"Protective","High","Protective High","1","F..3",0.1301,0.34,0.6168
"664",19,"Protective","High","Protective High","2","F..1",0.20442,0.38952,0.4754
"665",19,"Protective","High","Protective High","2","F..2",0.14894,0.34334,0.5664
"666",19,"Protective","High","Protective High","2","F..3",0.15088,0.3202,0.529
"667",19,"Protective","Low","Protective Low","1","F..1",0.16226,0.39424,0.5888
"668",19,"Protective","Low","Protective Low","1","F..2",0.16402,0.45314,0.6378
"669",19,"Protective","Low","Protective Low","1","F..3",0.13548,0.3243,0.5798
"670",19,"Protective","Low","Protective Low","2","F..1",0.13716,0.33764,0.592
"671",19,"Protective","Low","Protective Low","2","F..2",0.17234,0.38812,0.556
"672",19,"Protective","Low","Protective Low","2","F..3",0.1841,0.41734,0.5602
"673",19,"Single","High","Single High","1","F..1",0.15312,0.33296,0.5402
"674",19,"Single","High","Single High","1","F..2",0.15764,0.3603,0.5646
"675",19,"Single","High","Single High","1","F..3",0.14404,0.36032,0.5998
"676",19,"Single","High","Single High","2","F..1",0.16968,0.29452,0.4224
"677",19,"Single","High","Single High","2","F..2",0.1865,0.38402,0.5144
"678",19,"Single","High","Single High","2","F..3",0.19038,0.37832,0.4956
"679",19,"Single","Low","Single Low","1","F..1",0.1849,0.38012,0.514
"680",19,"Single","Low","Single Low","1","F..2",0.14774,0.32626,0.5472
"681",19,"Single","Low","Single Low","1","F..3",0.17402,0.39158,0.5552
"682",19,"Single","Low","Single Low","2","F..1",0.18872,0.37954,0.5026
"683",19,"Single","Low","Single Low","2","F..2",0.17246,0.37,0.5332
"684",19,"Single","Low","Single Low","2","F..3",0.17784,0.33214,0.4616
"685",20,"Control","High","Control High","1","F..1",0.14236,0.36618,0.6116
"686",20,"Control","High","Control High","1","F..2",0.14814,0.35786,0.5862
"687",20,"Control","High","Control High","1","F..3",0.15962,0.40852,0.6092
"688",20,"Control","High","Control High","2","F..1",0.15146,0.32246,0.5296
"689",20,"Control","High","Control High","2","F..2",0.15138,0.36058,0.5802
"690",20,"Control","High","Control High","2","F..3",0.17038,0.415,0.5888
"691",20,"Control","Low","Control Low","1","F..1",0.13578,0.37284,0.6348
"692",20,"Control","Low","Control Low","1","F..2",0.16548,0.44452,0.6274
"693",20,"Control","Low","Control Low","1","F..3",0.13138,0.35882,0.634
"694",20,"Control","Low","Control Low","2","F..1",0.15148,0.38354,0.6036
"695",20,"Control","Low","Control Low","2","F..2",0.15226,0.38272,0.6024
"696",20,"Control","Low","Control Low","2","F..3",0.1502,0.38324,0.607
"697",20,"Protective","High","Protective High","1","F..1",0.1502,0.40028,0.625
"698",20,"Protective","High","Protective High","1","F..2",0.13166,0.32176,0.5908
"699",20,"Protective","High","Protective High","1","F..3",0.14944,0.38078,0.6074
"700",20,"Protective","High","Protective High","2","F..1",0.16666,0.38168,0.563
"701",20,"Protective","High","Protective High","2","F..2",0.1693,0.3949,0.5714
"702",20,"Protective","High","Protective High","2","F..3",0.17264,0.40178,0.5706
"703",20,"Protective","Low","Protective Low","1","F..1",0.17538,0.3993,0.5612
"704",20,"Protective","Low","Protective Low","1","F..2",0.1742,0.44244,0.6066
"705",20,"Protective","Low","Protective Low","1","F..3",0.16048,0.34578,0.5348
"706",20,"Protective","Low","Protective Low","2","F..1",0.1548,0.37588,0.588
"707",20,"Protective","Low","Protective Low","2","F..2",0.16254,0.3543,0.5418
"708",20,"Protective","Low","Protective Low","2","F..3",0.18196,0.42518,0.5722
"709",20,"Single","High","Single High","1","F..1",0.13686,0.30168,0.547
"710",20,"Single","High","Single High","1","F..2",0.14804,0.34314,0.5688
"711",20,"Single","High","Single High","1","F..3",0.15558,0.3851,0.596
"712",20,"Single","High","Single High","2","F..1",0.18462,0.3791,0.5134
"713",20,"Single","High","Single High","2","F..2",0.1653,0.34626,0.5232
"714",20,"Single","High","Single High","2","F..3",0.12538,0.27118,0.5366
"715",20,"Single","Low","Single Low","1","F..1",0.1698,0.36618,0.5362
"716",20,"Single","Low","Single Low","1","F..2",0.16668,0.37774,0.559
"717",20,"Single","Low","Single Low","1","F..3",0.1699,0.39442,0.569
"718",20,"Single","Low","Single Low","2","F..1",0.20726,0.39196,0.473
"719",20,"Single","Low","Single Low","2","F..2",0.16756,0.38934,0.5698
"720",20,"Single","Low","Single Low","2","F..3",0.1792,0.33952,0.4722
"721",21,"Control","High","Control High","1","F..1",0.14776,0.38304,0.6142
"722",21,"Control","High","Control High","1","F..2",0.15402,0.3695,0.5822
"723",21,"Control","High","Control High","1","F..3",0.1463,0.39344,0.6264
"724",21,"Control","High","Control High","2","F..1",0.14578,0.30648,0.5222
"725",21,"Control","High","Control High","2","F..2",0.16658,0.42314,0.6064
"726",21,"Control","High","Control High","2","F..3",0.17048,0.4193,0.5918
"727",21,"Control","Low","Control Low","1","F..1",0.14498,0.35204,0.5872
"728",21,"Control","Low","Control Low","1","F..2",0.1642,0.42616,0.6136
"729",21,"Control","Low","Control Low","1","F..3",0.14432,0.37126,0.611
"730",21,"Control","Low","Control Low","2","F..1",0.1409,0.33784,0.5828
"731",21,"Control","Low","Control Low","2","F..2",0.15362,0.3852,0.6014
"732",21,"Control","Low","Control Low","2","F..3",0.14862,0.37452,0.6014
"733",21,"Protective","High","Protective High","1","F..1",0.1599,0.38002,0.5784
"734",21,"Protective","High","Protective High","1","F..2",0.15156,0.32784,0.5378
"735",21,"Protective","High","Protective High","1","F..3",0.14508,0.3742,0.6122
"736",21,"Protective","High","Protective High","2","F..1",0.16972,0.38176,0.5548
"737",21,"Protective","High","Protective High","2","F..2",0.16294,0.37774,0.5684
"738",21,"Protective","High","Protective High","2","F..3",0.17412,0.38686,0.55
"739",21,"Protective","Low","Protective Low","1","F..1",0.15754,0.36188,0.5648
"740",21,"Protective","Low","Protective Low","1","F..2",0.20752,0.48716,0.574
"741",21,"Protective","Low","Protective Low","1","F..3",0.195,0.35658,0.452
"742",21,"Protective","Low","Protective Low","2","F..1",0.15538,0.3303,0.525
"743",21,"Protective","Low","Protective Low","2","F..2",0.19118,0.39668,0.518
"744",21,"Protective","Low","Protective Low","2","F..3",0.18862,0.3848,0.5108
"745",21,"Single","High","Single High","1","F..1",0.14414,0.31678,0.5448
"746",21,"Single","High","Single High","1","F..2",0.15852,0.37156,0.5744
"747",21,"Single","High","Single High","1","F..3",0.15314,0.37254,0.5872
"748",21,"Single","High","Single High","2","F..1",0.19814,0.36726,0.46
"749",21,"Single","High","Single High","2","F..2",0.18304,0.37962,0.5174
"750",21,"Single","High","Single High","2","F..3",0.19148,0.39668,0.5172
"751",21,"Single","Low","Single Low","1","F..1",0.1592,0.37688,0.5736
"752",21,"Single","Low","Single Low","1","F..2",0.1548,0.3101,0.4974
"753",21,"Single","Low","Single Low","1","F..3",0.19226,0.38716,0.5036
"754",21,"Single","Low","Single Low","2","F..1",0.22744,0.4151,0.4548
"755",21,"Single","Low","Single Low","2","F..2",0.17776,0.35726,0.5012
"756",21,"Single","Low","Single Low","2","F..3",0.18842,0.36528,0.484
"757",22,"Control","High","Control High","1","F..1",0.1399,0.35884,0.6094
"758",22,"Control","High","Control High","1","F..2",0.1605,0.3754,0.5724
"759",22,"Control","High","Control High","1","F..3",0.1551,0.39188,0.604
"760",22,"Control","High","Control High","2","F..1",0.1544,0.32314,0.5212
"761",22,"Control","High","Control High","2","F..2",0.15196,0.37902,0.5986
"762",22,"Control","High","Control High","2","F..3",0.16434,0.3894,0.5778
"763",22,"Control","Low","Control Low","1","F..1",0.14844,0.3707,0.5988
"764",22,"Control","Low","Control Low","1","F..2",0.15912,0.4357,0.6344
"765",22,"Control","Low","Control Low","1","F..3",0.12626,0.33588,0.624
"766",22,"Control","Low","Control Low","2","F..1",0.13904,0.33862,0.5884
"767",22,"Control","Low","Control Low","2","F..2",0.14626,0.41608,0.6484
"768",22,"Control","Low","Control Low","2","F..3",0.13728,0.34284,0.5982
"769",22,"Protective","High","Protective High","1","F..1",0.16892,0.38658,0.5632
"770",22,"Protective","High","Protective High","1","F..2",0.15688,0.3066,0.4878
"771",22,"Protective","High","Protective High","1","F..3",0.1703,0.33304,0.487
"772",22,"Protective","High","Protective High","2","F..1",0.19032,0.38274,0.5014
"773",22,"Protective","High","Protective High","2","F..2",0.17322,0.36382,0.5238
"774",22,"Protective","High","Protective High","2","F..3",0.15166,0.3262,0.5334
"775",22,"Protective","Low","Protective Low","1","F..1",0.20206,0.38304,0.4742
"776",22,"Protective","Low","Protective Low","1","F..2",0.22138,0.38668,0.429
"777",22,"Protective","Low","Protective Low","1","F..3",0.15914,0.3003,0.4692
"778",22,"Protective","Low","Protective Low","2","F..1",0.14058,0.3211,0.5602
"779",22,"Protective","Low","Protective Low","2","F..2",0.18302,0.36106,0.4912
"780",22,"Protective","Low","Protective Low","2","F..3",0.21332,0.39774,0.4652
"781",22,"Single","High","Single High","1","F..1",0.15824,0.26882,0.4098
"782",22,"Single","High","Single High","1","F..2",0.17528,0.3291,0.461
"783",22,"Single","High","Single High","1","F..3",0.16832,0.31736,0.4658
"784",22,"Single","High","Single High","2","F..1",0.19098,0.3254,0.4122
"785",22,"Single","High","Single High","2","F..2",0.23088,0.3056,0.239
"786",22,"Single","High","Single High","2","F..3",0.20706,0.30912,0.3316
"787",22,"Single","Low","Single Low","1","F..1",0.1963,0.36306,0.4578
"788",22,"Single","Low","Single Low","1","F..2",0.18126,0.335,0.458
"789",22,"Single","Low","Single Low","1","F..3",0.19344,0.31482,0.3786
"790",22,"Single","Low","Single Low","2","F..1",0.2512,0.33978,0.2634
"791",22,"Single","Low","Single Low","2","F..2",0.18668,0.35776,0.4772
"792",22,"Single","Low","Single Low","2","F..3",0.20744,0.31522,0.3414
